"period_id";"period_label";"period_order";"section_id";"section_title";"section_order";"item_order";"content_type";"content_value";"deck_url";"concepts";"authors";"core_literature";"extra_literature";"extra_videos";"self_questions_url"
"prenatal";"Пренатальный период";"0";"video";"Видео-лекция";"0";"0";"object";"{""title"":""Demo: HTML5 Video"",""url"":""https://www.youtube.com/watch?v=W27yFQh7bw0""}";"https://drive.google.com/file/d/1T3ABmJPGhM_GurwH3M8YqTfZ26mYQ0om/view?usp=drive_link";"Среда развития | Драйвер развития | Семейный миф | Объективный взгляд на развитие | Перинатальные матрицы";"Станислав Гроф::https://ru.wikipedia.org/wiki/%D0%93%D1%80%D0%BE%D1%84,_%D0%A1%D1%82%D0%B0%D0%BD%D0%B8%D1%81%D0%BB%D0%B0%D0%B2 | Павел Блонский::https://ru.wikipedia.org/wiki/%D0%91%D0%BB%D0%BE%D0%BD%D1%81%D0%BA%D0%B8%D0%B9,_%D0%9F%D0%B0%D0%B2%D0%B5%D0%BB_%D0%9F%D0%B5%D1%82%D1%80%D0%BE%D0%B2%D0%B8%D1%87 | Дональд Винникотт::https://ru.wikipedia.org/wiki/%D0%92%D0%B8%D0%BD%D0%BD%D0%B8%D0%BA%D0%BE%D1%82%D1%82,_%D0%94%D0%BE%D0%BD%D0%B0%D0%BB%D1%8C%D0%B4_%D0%92%D1%83%D0%B4%D1%81";"Психология и психотерапия семьи::https://drive.google.com/file/d/1HeFr0qABGXJVjL-Xup9Az7X3KE2u_k_y/view?usp=sharing | Психология материнства::https://drive.google.com/file/d/1_9YPtDkqSlUxizZFsyF7RWazldBR-ilH/view?usp=drive_link | Станислав Гроф — За пределами мозга (Beyond the Brain)::https://docs.google.com/document/d/18g8lXPHRUb1zidHtThkBTu65rFmamjNPg1Z4yBvJLzs/edit?usp=drive_link | Томас Верни — Тайная жизнь нерождённого ребёнка (The Secret Life of the Unborn Child)::https://docs.google.com/document/d/1-XmklxNt8d0JaVOHvjLeB40AkvkvCsRy6-kTmYEL7lw/edit?usp=drive_link";"Практические аспекты работы с возрастом::https://docs.google.com/presentation/d/1geoncMqd-xZA7fQGN9GhPcyeagRusm2ndzQeYloGEc0/edit?usp=drivesdk | Партнёрские роды::https://docs.google.com/document/d/1bC1ZoyQcoYYPicBCgoP8MWC-zi0VTCKGQ8gK7vdJWdI/edit?usp=drivesdk | healthcare-10-02265.pdf::https://drive.google.com/file/d/1CN_EaDwbj96IZZqPZDidQhls0gYSSATF/view?usp=drivesdk | Prenatal Developmental Origins of Future Psychopathology: Mechanisms and Pathways::https://pmc.ncbi.nlm.nih.gov/articles/PMC7027196/ | Maternal Mental Health and Offspring Brain Development: An Umbrella Review of Prenatal Interventions::https://pmc.ncbi.nlm.nih.gov/articles/PMC10512172/ | Effects of Prenatal Stress on Behavior, Cognition, and Psychopathology: A Comprehensive Review::https://assets.cureus.com/uploads/review_article/pdf/191235/20231015-20637-8aj2f8.pdf";"Добряков И. В. — Психология беременности и родов::https://youtu.be/CyN9dvmNPXI?si=Fqezw-V4KGF4w7wr | Курс Г. Г. Филипповой — Психологические проблемы перинатального и послеродового периода::https://youtu.be/wwlyZxuT6-M?si=MAxoPNTMwg_ihJSB | Станислав Гроф — выступление на ф-те психологии МГУ::https://youtu.be/C9A2kAKyH38?si=1o7m112iID6amFad | Г. Г. Филиппова — Беременность и роды: от мифов к реальности::https://www.youtube.com/watch?v=bAzPVi-RUuk | М. Е. Ланцбург — Перинатальная психология: современное состояние и перспективы::https://www.youtube.com/watch?v=gdRnuTqwZS4 | Stanislav Grof — Revision and Re-enchantment of Psychology (EN)::https://www.youtube.com/watch?v=rI5oG-WNqvM";"https://docs.google.com/document/d/1vhX_0O8RRtsPhojs2OTQHuVe_-WduU9hEgANPMbUvVI/edit?usp=drive_link"
"prenatal";"Пренатальный период";"0";"concepts";"Понятия";"1";"0";"string";"Среда развития";"";"";"";"";"";"";""
"prenatal";"Пренатальный период";"0";"concepts";"Понятия";"1";"1";"string";"Драйвер развития";"";"";"";"";"";"";""
"prenatal";"Пренатальный период";"0";"concepts";"Понятия";"1";"2";"string";"Семейный миф";"";"";"";"";"";"";""
"prenatal";"Пренатальный период";"0";"concepts";"Понятия";"1";"3";"string";"Объективный взгляд на развитие";"";"";"";"";"";"";""
"prenatal";"Пренатальный период";"0";"concepts";"Понятия";"1";"4";"string";"Перинатальные матрицы";"";"";"";"";"";"";""
"prenatal";"Пренатальный период";"0";"authors";"Ключевые авторы";"2";"0";"object";"{""title"": ""Станислав Гроф"", ""url"": ""https://ru.wikipedia.org/wiki/%D0%93%D1%80%D0%BE%D1%84,_%D0%A1%D1%82%D0%B0%D0%BD%D0%B8%D1%81%D0%BB%D0%B0%D0%B2""}";"";"";"";"";"";"";""
"prenatal";"Пренатальный период";"0";"authors";"Ключевые авторы";"2";"1";"object";"{""title"": ""Павел Блонский"", ""url"": ""https://ru.wikipedia.org/wiki/%D0%91%D0%BB%D0%BE%D0%BD%D1%81%D0%BA%D0%B8%D0%B9,_%D0%9F%D0%B0%D0%B2%D0%B5%D0%BB_%D0%9F%D0%B5%D1%82%D1%80%D0%BE%D0%B2%D0%B8%D1%87""}";"";"";"";"";"";"";""
"prenatal";"Пренатальный период";"0";"authors";"Ключевые авторы";"2";"2";"object";"{""title"": ""Дональд Винникотт"", ""url"": ""https://ru.wikipedia.org/wiki/%D0%92%D0%B8%D0%BD%D0%BD%D0%B8%D0%BA%D0%BE%D1%82%D1%82,_%D0%94%D0%BE%D0%BD%D0%B0%D0%BB%D1%8C%D0%B4_%D0%92%D1%83%D0%B4%D1%81""}";"";"";"";"";"";"";""
"prenatal";"Пренатальный период";"0";"coreRead";"Основная литература";"3";"0";"object";"{""title"": ""Психология и психотерапия семьи"", ""url"": ""https://drive.google.com/file/d/1HeFr0qABGXJVjL-Xup9Az7X3KE2u_k_y/view?usp=sharing""}";"";"";"";"";"";"";""
"prenatal";"Пренатальный период";"0";"coreRead";"Основная литература";"3";"1";"object";"{""title"": ""Психология материнства"", ""url"": ""https://drive.google.com/file/d/1_9YPtDkqSlUxizZFsyF7RWazldBR-ilH/view?usp=drive_link""}";"";"";"";"";"";"";""
"prenatal";"Пренатальный период";"0";"coreRead";"Основная литература";"3";"2";"object";"{""title"": ""Станислав Гроф — За пределами мозга (Beyond the Brain)"", ""url"": ""https://docs.google.com/document/d/18g8lXPHRUb1zidHtThkBTu65rFmamjNPg1Z4yBvJLzs/edit?usp=drive_link""}";"";"";"";"";"";"";""
"prenatal";"Пренатальный период";"0";"coreRead";"Основная литература";"3";"3";"object";"{""title"": ""Томас Верни — Тайная жизнь нерождённого ребёнка (The Secret Life of the Unborn Child)"", ""url"": ""https://docs.google.com/document/d/1-XmklxNt8d0JaVOHvjLeB40AkvkvCsRy6-kTmYEL7lw/edit?usp=drive_link""}";"";"";"";"";"";"";""
"prenatal";"Пренатальный период";"0";"extraRead";"Доп. литература";"4";"0";"object";"{""title"": ""Практические аспекты работы с возрастом"", ""url"": ""https://docs.google.com/presentation/d/1geoncMqd-xZA7fQGN9GhPcyeagRusm2ndzQeYloGEc0/edit?usp=drivesdk""}";"";"";"";"";"";"";""
"prenatal";"Пренатальный период";"0";"extraRead";"Доп. литература";"4";"1";"object";"{""title"": ""Партнёрские роды"", ""url"": ""https://docs.google.com/document/d/1bC1ZoyQcoYYPicBCgoP8MWC-zi0VTCKGQ8gK7vdJWdI/edit?usp=drivesdk""}";"";"";"";"";"";"";""
"prenatal";"Пренатальный период";"0";"extraRead";"Доп. литература";"4";"2";"object";"{""title"": ""healthcare-10-02265.pdf"", ""url"": ""https://drive.google.com/file/d/1CN_EaDwbj96IZZqPZDidQhls0gYSSATF/view?usp=drivesdk""}";"";"";"";"";"";"";""
"prenatal";"Пренатальный период";"0";"extraRead";"Доп. литература";"4";"3";"object";"{""title"": ""Prenatal Developmental Origins of Future Psychopathology: Mechanisms and Pathways"", ""url"": ""https://pmc.ncbi.nlm.nih.gov/articles/PMC7027196/""}";"";"";"";"";"";"";""
"prenatal";"Пренатальный период";"0";"extraRead";"Доп. литература";"4";"4";"object";"{""title"": ""Maternal Mental Health and Offspring Brain Development: An Umbrella Review of Prenatal Interventions"", ""url"": ""https://pmc.ncbi.nlm.nih.gov/articles/PMC10512172/""}";"";"";"";"";"";"";""
"prenatal";"Пренатальный период";"0";"extraRead";"Доп. литература";"4";"5";"object";"{""title"": ""Effects of Prenatal Stress on Behavior, Cognition, and Psychopathology: A Comprehensive Review"", ""url"": ""https://assets.cureus.com/uploads/review_article/pdf/191235/20231015-20637-8aj2f8.pdf""}";"";"";"";"";"";"";""
"prenatal";"Пренатальный период";"0";"extraVideo";"Доп. видео/лекции";"5";"0";"object";"{""title"": ""Добряков И. В. — Психология беременности и родов"", ""url"": ""https://youtu.be/CyN9dvmNPXI?si=Fqezw-V4KGF4w7wr""}";"";"";"";"";"";"";""
"prenatal";"Пренатальный период";"0";"extraVideo";"Доп. видео/лекции";"5";"1";"object";"{""title"": ""Курс Г. Г. Филипповой — Психологические проблемы перинатального и послеродового периода"", ""url"": ""https://youtu.be/wwlyZxuT6-M?si=MAxoPNTMwg_ihJSB""}";"";"";"";"";"";"";""
"prenatal";"Пренатальный период";"0";"extraVideo";"Доп. видео/лекции";"5";"2";"object";"{""title"": ""Станислав Гроф — выступление на ф-те психологии МГУ"", ""url"": ""https://youtu.be/C9A2kAKyH38?si=1o7m112iID6amFad""}";"";"";"";"";"";"";""
"prenatal";"Пренатальный период";"0";"extraVideo";"Доп. видео/лекции";"5";"3";"object";"{""title"": ""Г. Г. Филиппова — Беременность и роды: от мифов к реальности"", ""url"": ""https://www.youtube.com/watch?v=bAzPVi-RUuk""}";"";"";"";"";"";"";""
"prenatal";"Пренатальный период";"0";"extraVideo";"Доп. видео/лекции";"5";"4";"object";"{""title"": ""М. Е. Ланцбург — Перинатальная психология: современное состояние и перспективы"", ""url"": ""https://www.youtube.com/watch?v=gdRnuTqwZS4""}";"";"";"";"";"";"";""
"prenatal";"Пренатальный период";"0";"extraVideo";"Доп. видео/лекции";"5";"5";"object";"{""title"": ""Stanislav Grof — Revision and Re-enchantment of Psychology (EN)"", ""url"": ""https://www.youtube.com/watch?v=rI5oG-WNqvM""}";"";"";"";"";"";"";""
"prenatal";"Пренатальный период";"0";"quiz";"Квиз по видео-лекции";"6";"0";"object";"{""type"":""quiz"",""q"":""На каком месяце формируются основные органы?"",""options"":[""1–2"",""3–4"",""5–6""],""a"":""3–4""}";"";"";"";"";"";"";""
"prenatal";"Пренатальный период";"0";"self";"Рабочая тетрадь";"7";"0";"object";"{""title"": ""Скачать рабочую тетрадь"", ""url"": ""https://docs.google.com/document/d/1vhX_0O8RRtsPhojs2OTQHuVe_-WduU9hEgANPMbUvVI/edit?usp=drive_link""}";"";"";"";"";"";"";""
"prenatal";"Пренатальный период";"0";"leisure";"Досуговое";"9";"0";"object";"{""title"":""Фильм «Дитя человеческое»"",""year"":2006,""type"":""film""}";"";"";"";"";"";"";""
"prenatal";"Пренатальный период";"0";"leisure";"Досуговое";"9";"1";"object";"{""title"": ""Фильм «Солярис»"", ""year"": 1972, ""type"": ""film""}";"";"";"";"";"";"";""
"prenatal";"Пренатальный период";"0";"research";"Современные исследования";"10";"0";"object";"{""title"": ""Pregnancy as a period of risk, adaptation, and resilience for mothers and infants"", ""url"": ""https://www.cambridge.org/core/services/aop-cambridge-core/content/view/7C6C01757213573182DE75680DBA5A05/S0954579420001121a.pdf/div-class-title-pregnancy-as-a-period-of-risk-adaptation-and-resilience-for-mothers-and-infants-div.pdf""}";"";"";"";"";"";"";""
"prenatal";"Пренатальный период";"0";"research";"Современные исследования";"10";"1";"object";"{""title"": ""Brain structural and functional outcomes in the offspring of women experiencing psychological distress during pregnancy"", ""url"": ""https://pmc.ncbi.nlm.nih.gov/articles/PMC11408260/""}";"";"";"";"";"";"";""
"prenatal";"Пренатальный период";"0";"research";"Современные исследования";"10";"2";"object";"{""title"": ""Maternal Early Life Adversity and Infant Stress Regulation"", ""url"": ""https://pmc.ncbi.nlm.nih.gov/articles/PMC10258218/""}";"";"";"";"";"";"";""
"prenatal";"Пренатальный период";"0";"research";"Современные исследования";"10";"3";"object";"{""title"": ""Prenatal Psychological Stress Exposure and Neurodevelopment and Health of Children"", ""url"": ""https://pmc.ncbi.nlm.nih.gov/articles/PMC6801715/""}";"";"";"";"";"";"";""
"prenatal";"Пренатальный период";"0";"research";"Современные исследования";"10";"4";"object";"{""title"": ""Mind-body practice as a primer to maintain psychological health among pregnant women – YOGESTA RCT"", ""url"": ""https://www.frontiersin.org/articles/10.3389/fpubh.2023.1201371/full""}";"";"";"";"";"";"";""
"prenatal";"Пренатальный период";"0";"research";"Современные исследования";"10";"5";"object";"{""title"": ""Maternal Perinatal-Provoked Psychological Disorders: Impact on School-Age Children…"", ""url"": ""https://ejceel.com/index.php/journal/article/download/53/36""}";"";"";"";"";"";"";""
"prenatal";"Пренатальный период";"0";"research";"Современные исследования";"10";"6";"object";"{""title"": ""Early childhood development when second-trimester ultrasound dating disagrees with LMP"", ""url"": ""https://bmcpregnancychildbirth.biomedcentral.com/articles/10.1186/1471-2393-12-32""}";"";"";"";"";"";"";""
"prenatal";"Пренатальный период";"0";"research";"Современные исследования";"10";"7";"object";"{""title"": ""40 years of prenatal diagnosis (2020)"", ""url"": ""https://obgyn.onlinelibrary.wiley.com/doi/10.1002/pd.5867""}";"";"";"";"";"";"";""
"prenatal";"Пренатальный период";"0";"research";"Современные исследования";"10";"8";"object";"{""title"": ""Prenatal diagnosis of haemophilia in Sweden…"", ""url"": ""https://onlinelibrary.wiley.com/doi/10.1111/hae.12516""}";"";"";"";"";"";"";""
"prenatal";"Пренатальный период";"0";"research";"Современные исследования";"10";"9";"object";"{""title"": ""Prenatal psychology: implications for the practice of medicine"", ""url"": ""https://pmc.ncbi.nlm.nih.gov/articles/PMC2154335/""}";"";"";"";"";"";"";""
"prenatal";"Пренатальный период";"0";"research";"Современные исследования";"10";"10";"object";"{""title"": ""A Bibliometric Study on the Evolution of Women’s Football… (off-topic)"", ""url"": ""https://www.mdpi.com/2075-4663/12/12/333""}";"";"";"";"";"";"";""
"prenatal";"Пренатальный период";"0";"research";"Современные исследования";"10";"11";"object";"{""title"": ""Psychological and Educational Factors of Digital Competence… (off-topic)"", ""url"": ""https://www.mdpi.com/2071-1050/16/1/51""}";"";"";"";"";"";"";""
"prenatal";"Пренатальный период";"0";"research";"Современные исследования";"10";"12";"object";"{""title"": ""Bibliometric analysis on physical rehabilitation in dialysis… (off-topic)"", ""url"": ""https://academic.oup.com/ndt/article/doi/10.1093/ndt/gfab091.008/6289116""}";"";"";"";"";"";"";""
"prenatal";"Пренатальный период";"0";"research";"Современные исследования";"10";"13";"object";"{""title"": ""INDICATORS OF THE DYNAMICS OF THE NUMBER OF MEDICAL ПSYCHOLOGISTS… (RU, off-topic)"", ""url"": ""http://vestnik.mednet.ru/content/view/1680/30/lang,ru/""}";"";"";"";"";"";"";""
"prenatal";"Пренатальный период";"0";"research";"Современные исследования";"10";"14";"object";"{""title"": ""Shotgun sequencing of sedimentary ancient DNA… (off-topic)"", ""url"": ""https://meetingorganizer.copernicus.org/EGU21/EGU21-11048.html""}";"";"";"";"";"";"";""
"prenatal";"Пренатальный период";"0";"research";"Современные исследования";"10";"15";"object";"{""title"": ""Comprehensive Bibliometric Analysis on High Hydrostatic Pressure… (off-topic)"", ""url"": ""https://www.mdpi.com/2071-1050/17/1/188""}";"";"";"";"";"";"";""
"prenatal";"Пренатальный период";"0";"research";"Современные исследования";"10";"16";"object";"{""title"": ""Research on self-determination in physical education… (off-topic)"", ""url"": ""http://www.tandfonline.com/doi/abs/10.1080/17408989.2012.732563""}";"";"";"";"";"";"";""
"infancy";"Младенчество (0–1 год)";"1";"video";"Видео-лекция";"0";"0";"object";"{""title"": ""Психология младенчества — лекция"", ""url"": ""https://www.youtube.com/watch?v=SymLC1yiVyA""}";"https://drive.google.com/file/d/17xqnrwmpn1SG6bd1bqRA6ohfB1rHmx_l/view?usp=drive_link";"";"";"";"";"";""
"infancy";"Младенчество (0–1 год)";"1";"concepts";"Понятия";"1";"0";"string";"Кризис новорождённости";"";"";"";"";"";"";""
"infancy";"Младенчество (0–1 год)";"1";"concepts";"Понятия";"1";"1";"string";"Привязанность";"";"";"";"";"";"";""
"infancy";"Младенчество (0–1 год)";"1";"concepts";"Понятия";"1";"2";"string";"Достаточно хорошая мать";"";"";"";"";"";"";""
"infancy";"Младенчество (0–1 год)";"1";"concepts";"Понятия";"1";"3";"string";"Интерсубъективность";"";"";"";"";"";"";""
"infancy";"Младенчество (0–1 год)";"1";"concepts";"Понятия";"1";"4";"string";"Эмоциональная корегуляция";"";"";"";"";"";"";""
"infancy";"Младенчество (0–1 год)";"1";"authors";"Ключевые авторы";"2";"0";"object";"{""title"": ""Маргарет Малер"", ""url"": ""https://ru.wikipedia.org/wiki/%D0%9C%D0%B0%D0%BB%D0%B5%D1%80,_%D0%9C%D0%B0%D1%80%D0%B3%D0%B0%D1%80%D0%B5%D1%82""}";"";"";"";"";"";"";""
"infancy";"Младенчество (0–1 год)";"1";"authors";"Ключевые авторы";"2";"1";"object";"{""title"": ""Colwyn Trevarthen"", ""url"": ""https://en.wikipedia.org/wiki/Colwyn_Trevarthen""}";"";"";"";"";"";"";""
"infancy";"Младенчество (0–1 год)";"1";"authors";"Ключевые авторы";"2";"2";"object";"{""title"": ""Edward Tronick"", ""url"": ""https://en.wikipedia.org/wiki/Edward_Tronick""}";"";"";"";"";"";"";""
"infancy";"Младенчество (0–1 год)";"1";"coreRead";"Основная литература";"3";"0";"object";"{""title"": ""Д. Стерн — Дневник младенца"", ""url"": ""https://docs.google.com/document/d/1GYcyTe4FGPH8RuWkXfXZAKXIhXZFbR9EXOA3Y5CnmSE/edit?usp=drivesdk""}";"";"";"";"";"";"";""
"infancy";"Младенчество (0–1 год)";"1";"coreRead";"Основная литература";"3";"1";"object";"{""title"": ""Дональд Винникотт — Семья и развитие личности"", ""url"": ""https://drive.google.com/file/d/1Q9LlmoUFr5dM3I_ZUeFFIDj9CI_azWRv/view?usp=drivesdk""}";"";"";"";"";"";"";""
"infancy";"Младенчество (0–1 год)";"1";"coreRead";"Основная литература";"3";"2";"object";"{""title"": ""Жан Пиаже — Избранное"", ""url"": ""https://drive.google.com/file/d/1Vl7RzjYX_pdHm7C5HGu5EnLPNpGgIAHp/view?usp=drivesdk""}";"";"";"";"";"";"";""
"infancy";"Младенчество (0–1 год)";"1";"extraRead";"Доп. литература";"4";"0";"object";"{""title"": ""Relations between attachment and depression — meta-analysis"", ""url"": ""https://drive.google.com/file/d/1BbJSH3aA8GX6zxjn5tJZZSgF2DtHUra_/view?usp=drivesdk""}";"";"";"";"";"";"";""
"infancy";"Младенчество (0–1 год)";"1";"extraRead";"Доп. литература";"4";"2";"object";"{""title"": ""Послеродовая депрессия"", ""url"": ""https://docs.google.com/presentation/d/1HEKrQmGzeXyZCz8o4M86_QQHbkTFn5OaDJVhtIWd-E4/edit?usp=drivesdk""}";"";"";"";"";"";"";""
"infancy";"Младенчество (0–1 год)";"1";"extraRead";"Доп. литература";"4";"3";"object";"{""title"": ""Экзистенцанальный взгляд на депрессию"", ""url"": ""https://drive.google.com/file/d/17EeKEcUfWTJO58oJYJuKALZOvWozlkyq/view?usp=drivesdk""}";"";"";"";"";"";"";""
"infancy";"Младенчество (0–1 год)";"1";"extraRead";"Доп. литература";"4";"4";"object";"{""title"": ""Послеродовая депрессия: факторы риска"", ""url"": ""https://drive.google.com/file/d/1vYrj3FmEmvjsQYjt-Ad8-XN-F0Rhdv_S/view?usp=drivesdk""}";"";"";"";"";"";"";""
"infancy";"Младенчество (0–1 год)";"1";"extraRead";"Доп. литература";"4";"5";"object";"{""title"": ""Классификация и критерии БДР"", ""url"": ""https://drive.google.com/file/d/1CF1DcKS_--gAakuMORmejriMuGMSnmWR/view?usp=drivesdk""}";"";"";"";"";"";"";""
"infancy";"Младенчество (0–1 год)";"1";"leisure";"Досуговое";"9";"0";"object";"{""title"": ""Фильм «Трио из Бельвиля»"", ""year"": 2003, ""type"": ""film""}";"";"";"";"";"";"";""
"infancy";"Младенчество (0–1 год)";"1";"leisure";"Досуговое";"9";"1";"object";"{""title"": ""Фильм «Малыши»"", ""year"": 2010, ""type"": ""film""}";"";"";"";"";"";"";""
"toddler";"Раннее детство (1–3 года)";"2";"video";"Видео-лекция";"0";"0";"object";"{""title"": ""Раннее детство (1–3 года) — развитие периода"", ""url"": ""https://www.youtube.com/watch?v=T9jo_hx_hn8"", ""deckUrl"": ""https://drive.google.com/file/d/12AwDiZaQOB7IluWPGRkxYe7W5r8vSns3/view?usp=drive_link""}";"";"";"";"";"";"";""
"toddler";"Раннее детство (1–3 года)";"2";"video";"Видео-лекция";"0";"1";"object";"{""title"": ""Привязанность в раннем детстве (1–3 года)"", ""url"": ""https://www.youtube.com/watch?v=NL7loNMfnP4"", ""deckUrl"": ""https://drive.google.com/file/d/1bGzDsIzcgZ_oUomhoOJ_4k4dN7-zm50m/view?usp=drive_link""}";"";"";"";"";"";"";""
"preschool";"Дошкольный возраст (3–7 лет)";"3";"video";"Видео-лекция";"0";"0";"object";"{""title"": ""Дошкольный возраст (3–7 лет) — развитие периода"", ""url"": ""https://www.youtube.com/watch?v=y5ypusHrrfI"", ""deckUrl"": ""https://drive.google.com/file/d/110RzVNGZgizPNvACknvvck800oRBcaLA/view?usp=drive_link"", ""audioUrl"": ""https://drive.google.com/file/d/1GHzoPUmkvFX_RgP_s_q6XS0Qsfb07HFh/view?usp=drive_link""}";"";"";"";"";"";"";""
"preschool";"Дошкольный возраст (3–7 лет)";"3";"video";"Видео-лекция";"0";"1";"object";"{""title"": ""Игра и привязанность в дошкольном возрасте"", ""url"": ""https://www.youtube.com/watch?v=oq7LjUwXduI"", ""deckUrl"": """", ""audioUrl"": ""https://drive.google.com/file/d/15hxOcQtHm8Gu1jEUJmxgYEngotKl9yCt/view?usp=drive_link""}";"";"";"";"";"";"";""
"school";"Младший школьный возраст (6–11 лет)";"4";"video";"Видео-лекция";"0";"0";"object";"{""title"":""Demo: Evolution of Dance"",""url"":""https://www.youtube.com/watch?v=dMH0bHeiRNg""}";"";"";"";"";"";"";""
"school";"Младший школьный возраст (6–11 лет)";"4";"concepts";"Понятия";"1";"0";"string";"Конкретные операции (Piaget)";"";"";"";"";"";"";""
"school";"Младший школьный возраст (6–11 лет)";"4";"concepts";"Понятия";"1";"1";"string";"Метапамять и метапознание";"";"";"";"";"";"";""
"school";"Младший школьный возраст (6–11 лет)";"4";"concepts";"Понятия";"1";"2";"string";"Самооценка и компетентность (Harter)";"";"";"";"";"";"";""
"school";"Младший школьный возраст (6–11 лет)";"4";"concepts";"Понятия";"1";"3";"string";"Коллектив – ведущая деятельность";"";"";"";"";"";"";""
"school";"Младший школьный возраст (6–11 лет)";"4";"authors";"Ключевые авторы";"2";"0";"string";"J. Piaget";"";"";"";"";"";"";""
"school";"Младший школьный возраст (6–11 лет)";"4";"authors";"Ключевые авторы";"2";"1";"string";"S. Harter";"";"";"";"";"";"";""
"school";"Младший школьный возраст (6–11 лет)";"4";"authors";"Ключевые авторы";"2";"2";"string";"Lev Vygotsky";"";"";"";"";"";"";""
"school";"Младший школьный возраст (6–11 лет)";"4";"coreRead";"Основная литература";"3";"0";"object";"{""title"":""Child Development, 8e"",""author"":""L. Steinberg"",""year"":2022}";"";"";"";"";"";"";""
"school";"Младший школьный возраст (6–11 лет)";"4";"coreRead";"Основная литература";"3";"1";"object";"{""title"":""The Development of Children’s Thinking"",""author"":""K. Bartsch"",""year"":2021}";"";"";"";"";"";"";""
"school";"Младший школьный возраст (6–11 лет)";"4";"extraRead";"Доп. литература";"4";"0";"object";"{""title"":""How Children Learn Mathematics"",""author"":""N. Ginsburg"",""year"":2020}";"";"";"";"";"";"";""
"school";"Младший школьный возраст (6–11 лет)";"4";"extraVideo";"Доп. видео/лекции";"5";"0";"object";"{""title"":""Growth vs. Fixed Mindset (Dweck)"",""url"":""https://www.youtube.com/embed/Yl9TVbAal5s""}";"";"";"";"";"";"";""
"school";"Младший школьный возраст (6–11 лет)";"4";"quiz";"Квиз по видео-лекции";"6";"0";"object";"{""type"":""quiz"",""q"":""С какой операции начинается стадия конкретных операций?"",""options"":[""Консервация количества"",""Обратимость действий"",""Абстракция""],""a"":""Консервация количества""}";"";"";"";"";"";"";""
"school";"Младший школьный возраст (6–11 лет)";"4";"self";"Вопросы для контакта с собой";"7";"0";"string";"Какие школьные предметы давались вам легче всего и почему?";"";"";"";"";"";"";""
"school";"Младший школьный возраст (6–11 лет)";"4";"leisure";"Досуговое";"9";"0";"object";"{""title"":""Фильм «Матильда»"",""year"":1996,""type"":""film""}";"";"";"";"";"";"";""
"school";"Младший школьный возраст (6–11 лет)";"4";"leisure";"Досуговое";"9";"1";"object";"{""title"":""Книга «Полианна»"",""year"":1913,""type"":""book""}";"";"";"";"";"";"";""
"school";"Младший школьный возраст (6–11 лет)";"4";"research";"Современные исследования";"10";"0";"object";"{""title"":""Math anxiety in elementary years"",""author"":""Wang et al."",""year"":2023,""url"":""https://doi.org/10.1037/dev0001497""}";"";"";"";"";"";"";""
"school";"Младший школьный возраст (6–11 лет)";"4";"experimental";"Экспериментальная психология по возрастам";"11";"0";"string";"Консервация Жидкости (Piaget)";"";"";"";"";"";"";""
"school";"Младший школьный возраст (6–11 лет)";"4";"experimental";"Экспериментальная психология по возрастам";"11";"1";"string";"Когнитивная гибкость (Dimensional Card Sort)";"";"";"";"";"";"";""
"earlyAdolescence";"Ранняя подростковость (11–14 лет)";"5";"video";"Видео-лекция";"0";"0";"object";"{""title"":""Demo: Charlie bit my finger"",""url"":""https://www.youtube.com/watch?v=_OBlgSz8sSM""}";"";"";"";"";"";"";""
"earlyAdolescence";"Ранняя подростковость (11–14 лет)";"5";"concepts";"Понятия";"1";"0";"string";"Пубертатный скачок";"";"";"";"";"";"";""
"earlyAdolescence";"Ранняя подростковость (11–14 лет)";"5";"concepts";"Понятия";"1";"1";"string";"Формальные операции";"";"";"";"";"";"";""
"earlyAdolescence";"Ранняя подростковость (11–14 лет)";"5";"concepts";"Понятия";"1";"2";"string";"Эгоцентризм подростка (воображаемая аудитория)";"";"";"";"";"";"";""
"earlyAdolescence";"Ранняя подростковость (11–14 лет)";"5";"concepts";"Понятия";"1";"3";"string";"Сравнение с референтной группой";"";"";"";"";"";"";""
"earlyAdolescence";"Ранняя подростковость (11–14 лет)";"5";"authors";"Ключевые авторы";"2";"0";"string";"L. Steinberg";"";"";"";"";"";"";""
"earlyAdolescence";"Ранняя подростковость (11–14 лет)";"5";"authors";"Ключевые авторы";"2";"1";"string";"D. Elkind";"";"";"";"";"";"";""
"earlyAdolescence";"Ранняя подростковость (11–14 лет)";"5";"authors";"Ключевые авторы";"2";"2";"string";"S. Blakemore";"";"";"";"";"";"";""
"earlyAdolescence";"Ранняя подростковость (11–14 лет)";"5";"coreRead";"Основная литература";"3";"0";"object";"{""title"":""Adolescence, 13e"",""author"":""L. Steinberg"",""year"":2024}";"";"";"";"";"";"";""
"earlyAdolescence";"Ранняя подростковость (11–14 лет)";"5";"coreRead";"Основная литература";"3";"1";"object";"{""title"":""Inventing Ourselves: The Secret Life of the Teenage Brain"",""author"":""S. Blakemore"",""year"":2023}";"";"";"";"";"";"";""
"earlyAdolescence";"Ранняя подростковость (11–14 лет)";"5";"extraRead";"Доп. литература";"4";"0";"object";"{""title"":""The Power of Peer Influence"",""author"":""B. Brown"",""year"":2021}";"";"";"";"";"";"";""
"earlyAdolescence";"Ранняя подростковость (11–14 лет)";"5";"extraVideo";"Доп. видео/лекции";"5";"0";"object";"{""title"":""Risk-taking & Reward in Teens"",""url"":""https://www.youtube.com/embed/6zVRq1U74ek""}";"";"";"";"";"";"";""
"earlyAdolescence";"Ранняя подростковость (11–14 лет)";"5";"quiz";"Квиз по видео-лекции";"6";"0";"object";"{""type"":""quiz"",""q"":""Какой лобный отдел дозревает последним?"",""options"":[""Префронтальная кора"",""Теменная кора"",""Височная доля""],""a"":""Префронтальная кора""}";"";"";"";"";"";"";""
"earlyAdolescence";"Ранняя подростковость (11–14 лет)";"5";"self";"Вопросы для контакта с собой";"7";"0";"string";"Какие ценности вы впервые поставили под сомнение в 12 лет?";"";"";"";"";"";"";""
"earlyAdolescence";"Ранняя подростковость (11–14 лет)";"5";"leisure";"Досуговое";"9";"0";"object";"{""title"":""Фильм «Хористы»"",""year"":2004,""type"":""film""}";"";"";"";"";"";"";""
"earlyAdolescence";"Ранняя подростковость (11–14 лет)";"5";"leisure";"Досуговое";"9";"1";"object";"{""title"":""Книга «Изгои» (S. Hinton)"",""year"":1967,""type"":""book""}";"";"";"";"";"";"";""
"earlyAdolescence";"Ранняя подростковость (11–14 лет)";"5";"research";"Современные исследования";"10";"0";"object";"{""title"":""Social media use and adolescent sleep"",""author"":""Scott & Fullerton"",""year"":2024,""url"":""https://doi.org/10.1016/j.sleep.2024.02.005""}";"";"";"";"";"";"";""
"earlyAdolescence";"Ранняя подростковость (11–14 лет)";"5";"experimental";"Экспериментальная психология по возрастам";"11";"0";"string";"Iowa Gambling Task (подростковый вариант)";"";"";"";"";"";"";""
"earlyAdolescence";"Ранняя подростковость (11–14 лет)";"5";"experimental";"Экспериментальная психология по возрастам";"11";"1";"string";"Cold-Hot Corsi Block";"";"";"";"";"";"";""
"adolescence";"Средняя подростковость (14–18 лет)";"6";"video";"Видео-лекция";"0";"0";"object";"{""title"":""Demo: Big Buck Bunny"",""url"":""https://www.youtube.com/watch?v=aqz-KE-bpKQ""}";"";"";"";"";"";"";""
"adolescence";"Средняя подростковость (14–18 лет)";"6";"concepts";"Понятия";"1";"0";"string";"Идентичность vs. ролевое смешение (Erikson)";"";"";"";"";"";"";""
"adolescence";"Средняя подростковость (14–18 лет)";"6";"concepts";"Понятия";"1";"1";"string";"Моральное мышление (Kohlberg III)";"";"";"";"";"";"";""
"adolescence";"Средняя подростковость (14–18 лет)";"6";"concepts";"Понятия";"1";"2";"string";"Сенсационный поиск (Zuckerman)";"";"";"";"";"";"";""
"adolescence";"Средняя подростковость (14–18 лет)";"6";"concepts";"Понятия";"1";"3";"string";"Воображаемая аудитория & личная легенда";"";"";"";"";"";"";""
"adolescence";"Средняя подростковость (14–18 лет)";"6";"authors";"Ключевые авторы";"2";"0";"string";"Erik Erikson";"";"";"";"";"";"";""
"adolescence";"Средняя подростковость (14–18 лет)";"6";"authors";"Ключевые авторы";"2";"1";"string";"Laurence Steinberg";"";"";"";"";"";"";""
"adolescence";"Средняя подростковость (14–18 лет)";"6";"authors";"Ключевые авторы";"2";"2";"string";"Sarah-Jayne Blakemore";"";"";"";"";"";"";""
"adolescence";"Средняя подростковость (14–18 лет)";"6";"coreRead";"Основная литература";"3";"0";"object";"{""title"":""Adolescence (13 e)"",""author"":""L. Steinberg"",""year"":2024}";"";"";"";"";"";"";""
"adolescence";"Средняя подростковость (14–18 лет)";"6";"coreRead";"Основная литература";"3";"1";"object";"{""title"":""Inventing Ourselves: The Secret Life of the Teenage Brain"",""author"":""S.-J. Blakemore"",""year"":2023}";"";"";"";"";"";"";""
"adolescence";"Средняя подростковость (14–18 лет)";"6";"extraRead";"Доп. литература";"4";"0";"object";"{""title"":""Lost in Transition"",""author"":""J. J. Arnett"",""year"":2018}";"";"";"";"";"";"";""
"adolescence";"Средняя подростковость (14–18 лет)";"6";"extraVideo";"Доп. видео/лекции";"5";"0";"object";"{""title"":""The mysterious workings of the adolescent brain (TED)"",""url"":""https://www.youtube.com/embed/6zVRq1U74ek""}";"";"";"";"";"";"";""
"adolescence";"Средняя подростковость (14–18 лет)";"6";"quiz";"Квиз по видео-лекции";"6";"0";"object";"{""type"":""quiz"",""q"":""В каком возрасте рискованное поведение достигает пика?"",""options"":[""14–16 лет"",""19–21 год"",""25+ лет""],""a"":""14–16 лет""}";"";"";"";"";"";"";""
"adolescence";"Средняя подростковость (14–18 лет)";"6";"self";"Вопросы для контакта с собой";"7";"0";"string";"Вспомните смелый поступок в 16 лет: что им двигало? Как смотрите на него сейчас?";"";"";"";"";"";"";""
"adolescence";"Средняя подростковость (14–18 лет)";"6";"leisure";"Досуговое";"9";"0";"object";"{""title"":""Фильм «Lady Bird»"",""year"":2017,""type"":""film""}";"";"";"";"";"";"";""
"adolescence";"Средняя подростковость (14–18 лет)";"6";"leisure";"Досуговое";"9";"1";"object";"{""title"":""Книга «Над пропастью во ржи»"",""year"":1951,""type"":""book""}";"";"";"";"";"";"";""
"adolescence";"Средняя подростковость (14–18 лет)";"6";"research";"Современные исследования";"10";"0";"object";"{""title"":""Risk-taking and cortical maturation in adolescence"",""author"":""Smith et al."",""year"":2024,""url"":""https://doi.org/10.1016/j.dcn.2024.101287""}";"";"";"";"";"";"";""
"adolescence";"Средняя подростковость (14–18 лет)";"6";"experimental";"Экспериментальная психология по возрастам";"11";"0";"string";"Balloon Analogue Risk Task (BART)";"";"";"";"";"";"";""
"adolescence";"Средняя подростковость (14–18 лет)";"6";"experimental";"Экспериментальная психология по возрастам";"11";"1";"string";"Эмоциональный Go/No-Go";"";"";"";"";"";"";""
"emergingAdult";"Юность / Emerging Adulthood (18–25 лет)";"7";"video";"Видео-лекция";"0";"0";"object";"{""title"":""Demo: YouTube API Intro"",""url"":""https://www.youtube.com/watch?v=M7lc1UVf-VE""}";"";"";"";"";"";"";""
"emergingAdult";"Юность / Emerging Adulthood (18–25 лет)";"7";"concepts";"Понятия";"1";"0";"string";"Emerging Adulthood – «чувство между»";"";"";"";"";"";"";""
"emergingAdult";"Юность / Emerging Adulthood (18–25 лет)";"7";"concepts";"Понятия";"1";"1";"string";"Поиск идентичности в любви и работе";"";"";"";"";"";"";""
"emergingAdult";"Юность / Emerging Adulthood (18–25 лет)";"7";"concepts";"Понятия";"1";"2";"string";"Институциональная задержка взрослости";"";"";"";"";"";"";""
"emergingAdult";"Юность / Emerging Adulthood (18–25 лет)";"7";"concepts";"Понятия";"1";"3";"string";"Самофокус и ощущение возможностей";"";"";"";"";"";"";""
"emergingAdult";"Юность / Emerging Adulthood (18–25 лет)";"7";"authors";"Ключевые авторы";"2";"0";"string";"Jeffrey J. Arnett";"";"";"";"";"";"";""
"emergingAdult";"Юность / Emerging Adulthood (18–25 лет)";"7";"authors";"Ключевые авторы";"2";"1";"string";"Meg Jay";"";"";"";"";"";"";""
"emergingAdult";"Юность / Emerging Adulthood (18–25 лет)";"7";"authors";"Ключевые авторы";"2";"2";"string";"Shinichi I. Kawamura";"";"";"";"";"";"";""
"emergingAdult";"Юность / Emerging Adulthood (18–25 лет)";"7";"coreRead";"Основная литература";"3";"0";"object";"{""title"":""Emerging Adulthood: The Winding Road, 3 e"",""author"":""J. J. Arnett"",""year"":2023}";"";"";"";"";"";"";""
"emergingAdult";"Юность / Emerging Adulthood (18–25 лет)";"7";"coreRead";"Основная литература";"3";"1";"object";"{""title"":""The Defining Decade"",""author"":""M. Jay"",""year"":2021}";"";"";"";"";"";"";""
"emergingAdult";"Юность / Emerging Adulthood (18–25 лет)";"7";"extraRead";"Доп. литература";"4";"0";"object";"{""title"":""You and Your Adult Child"",""author"":""L. Savage"",""year"":2020}";"";"";"";"";"";"";""
"emergingAdult";"Юность / Emerging Adulthood (18–25 лет)";"7";"extraVideo";"Доп. видео/лекции";"5";"0";"object";"{""title"":""Why 30 is not the new 20 (TED)"",""url"":""https://www.youtube.com/embed/vhhgI4tSMwc""}";"";"";"";"";"";"";""
"emergingAdult";"Юность / Emerging Adulthood (18–25 лет)";"7";"quiz";"Квиз по видео-лекции";"6";"0";"object";"{""type"":""quiz"",""q"":""Сколько, по Арнетту, длится emerging adulthood в развитых странах?"",""options"":[""3–4 года"",""5–7 лет"",""10 лет и более""],""a"":""5–7 лет""}";"";"";"";"";"";"";""
"emergingAdult";"Юность / Emerging Adulthood (18–25 лет)";"7";"self";"Вопросы для контакта с собой";"7";"0";"string";"В каких сферах вы всё ещё «между» подростком и взрослым?";"";"";"";"";"";"";""
"emergingAdult";"Юность / Emerging Adulthood (18–25 лет)";"7";"leisure";"Досуговое";"9";"0";"object";"{""title"":""Фильм «Boyhood»"",""year"":2014,""type"":""film""}";"";"";"";"";"";"";""
"emergingAdult";"Юность / Emerging Adulthood (18–25 лет)";"7";"leisure";"Досуговое";"9";"1";"object";"{""title"":""Книга «Normal People»"",""year"":2018,""type"":""book""}";"";"";"";"";"";"";""
"emergingAdult";"Юность / Emerging Adulthood (18–25 лет)";"7";"research";"Современные исследования";"10";"0";"object";"{""title"":""Quarter-life crisis prevalence and predictors"",""author"":""Robinson et al."",""year"":2023,""url"":""https://doi.org/10.1037/dev0001534""}";"";"";"";"";"";"";""
"emergingAdult";"Юность / Emerging Adulthood (18–25 лет)";"7";"experimental";"Экспериментальная психология по возрастам";"11";"0";"string";"Delay Discounting (межвременно-ценностный выбор)";"";"";"";"";"";"";""
"emergingAdult";"Юность / Emerging Adulthood (18–25 лет)";"7";"experimental";"Экспериментальная психология по возрастам";"11";"1";"string";"Iowa Gambling Task – взрослый вариант";"";"";"";"";"";"";""
"earlyAdult";"Ранняя зрелость (25–40 лет)";"8";"video";"Видео-лекция";"0";"0";"object";"{""title"":""Demo: OK Go - Here It Goes Again"",""url"":""https://www.youtube.com/watch?v=dTAAsCNK7RA""}";"";"";"";"";"";"";""
"earlyAdult";"Ранняя зрелость (25–40 лет)";"8";"concepts";"Понятия";"1";"0";"string";"Интимность vs. изоляция (Erikson)";"";"";"";"";"";"";""
"earlyAdult";"Ранняя зрелость (25–40 лет)";"8";"concepts";"Понятия";"1";"1";"string";"Консолидация карьеры (Vaillant)";"";"";"";"";"";"";""
"earlyAdult";"Ранняя зрелость (25–40 лет)";"8";"concepts";"Понятия";"1";"2";"string";"Кристаллизованный интеллект и пик продуктивности";"";"";"";"";"";"";""
"earlyAdult";"Ранняя зрелость (25–40 лет)";"8";"concepts";"Понятия";"1";"3";"string";"Work-life balance";"";"";"";"";"";"";""
"earlyAdult";"Ранняя зрелость (25–40 лет)";"8";"authors";"Ключевые авторы";"2";"0";"string";"Daniel Levinson";"";"";"";"";"";"";""
"earlyAdult";"Ранняя зрелость (25–40 лет)";"8";"authors";"Ключевые авторы";"2";"1";"string";"Laura Carstensen";"";"";"";"";"";"";""
"earlyAdult";"Ранняя зрелость (25–40 лет)";"8";"authors";"Ключевые авторы";"2";"2";"string";"John Gottman";"";"";"";"";"";"";""
"earlyAdult";"Ранняя зрелость (25–40 лет)";"8";"coreRead";"Основная литература";"3";"0";"object";"{""title"":""The Seasons of a Man’s Life"",""author"":""D. Levinson"",""year"":2022}";"";"";"";"";"";"";""
"earlyAdult";"Ранняя зрелость (25–40 лет)";"8";"coreRead";"Основная литература";"3";"1";"object";"{""title"":""The Science of Happily Ever After"",""author"":""T. Tashiro"",""year"":2019}";"";"";"";"";"";"";""
"earlyAdult";"Ранняя зрелость (25–40 лет)";"8";"extraRead";"Доп. литература";"4";"0";"object";"{""title"":""30 Lessons for Living"",""author"":""K. Pillemer"",""year"":2020}";"";"";"";"";"";"";""
"earlyAdult";"Ранняя зрелость (25–40 лет)";"8";"extraVideo";"Доп. видео/лекции";"5";"0";"object";"{""title"":""The Science of Love (John Gottman)"",""url"":""https://www.youtube.com/embed/638KKBnHlOs""}";"";"";"";"";"";"";""
"earlyAdult";"Ранняя зрелость (25–40 лет)";"8";"quiz";"Квиз по видео-лекции";"6";"0";"object";"{""type"":""quiz"",""q"":""С какого возраста, по Carstensen, начинает расти кривая эмоционального благополучия?"",""options"":[""18–20"",""30–35"",""50–55""],""a"":""30–35""}";"";"";"";"";"";"";""
"earlyAdult";"Ранняя зрелость (25–40 лет)";"8";"self";"Вопросы для контакта с собой";"7";"0";"string";"Какие отношения сейчас требуют большего взаимопонимания и почему?";"";"";"";"";"";"";""
"earlyAdult";"Ранняя зрелость (25–40 лет)";"8";"leisure";"Досуговое";"9";"0";"object";"{""title"":""Фильм «Marriage Story»"",""year"":2019,""type"":""film""}";"";"";"";"";"";"";""
"earlyAdult";"Ранняя зрелость (25–40 лет)";"8";"leisure";"Досуговое";"9";"1";"object";"{""title"":""Книга «Eat Pray Love»"",""year"":2006,""type"":""book""}";"";"";"";"";"";"";""
"earlyAdult";"Ранняя зрелость (25–40 лет)";"8";"research";"Современные исследования";"10";"0";"object";"{""title"":""Millennial burnout and job satisfaction"",""author"":""Garcia et al."",""year"":2024,""url"":""https://doi.org/10.1016/j.jvb.2024.103837""}";"";"";"";"";"";"";""
"earlyAdult";"Ранняя зрелость (25–40 лет)";"8";"experimental";"Экспериментальная психология по возрастам";"11";"0";"string";"Adult Attachment Interview";"";"";"";"";"";"";""
"earlyAdult";"Ранняя зрелость (25–40 лет)";"8";"experimental";"Экспериментальная психология по возрастам";"11";"1";"string";"Лаборатория конфликт-обсуждения супругов (Gottman)";"";"";"";"";"";"";""
"midlife";"Средняя зрелость (40–65 лет)";"9";"video";"Видео-лекция";"0";"0";"object";"{""title"":""Demo: Gangnam Style"",""url"":""https://www.youtube.com/watch?v=9bZkp7q19f0""}";"";"";"";"";"";"";""
"midlife";"Средняя зрелость (40–65 лет)";"9";"concepts";"Понятия";"1";"0";"string";"Генеративность vs. стагнация (Erikson)";"";"";"";"";"";"";""
"midlife";"Средняя зрелость (40–65 лет)";"9";"concepts";"Понятия";"1";"1";"string";"Когнитивная стабильность: кристаллизованный интеллект";"";"";"";"";"";"";""
"midlife";"Средняя зрелость (40–65 лет)";"9";"concepts";"Понятия";"1";"2";"string";"Парадокс благополучия";"";"";"";"";"";"";""
"midlife";"Средняя зрелость (40–65 лет)";"9";"concepts";"Понятия";"1";"3";"string";"Midlife review vs. crisis";"";"";"";"";"";"";""
"midlife";"Средняя зрелость (40–65 лет)";"9";"authors";"Ключевые авторы";"2";"0";"string";"Daniel Levinson";"";"";"";"";"";"";""
"midlife";"Средняя зрелость (40–65 лет)";"9";"authors";"Ключевые авторы";"2";"1";"string";"Laura Carstensen";"";"";"";"";"";"";""
"midlife";"Средняя зрелость (40–65 лет)";"9";"authors";"Ключевые авторы";"2";"2";"string";"Margie Lachman";"";"";"";"";"";"";""
"midlife";"Средняя зрелость (40–65 лет)";"9";"coreRead";"Основная литература";"3";"0";"object";"{""title"":""Handbook of Midlife Development"",""author"":""M. Lachman (Ed.)"",""year"":2021}";"";"";"";"";"";"";""
"midlife";"Средняя зрелость (40–65 лет)";"9";"coreRead";"Основная литература";"3";"1";"object";"{""title"":""The Longevity Paradox"",""author"":""L. Carstensen"",""year"":2020}";"";"";"";"";"";"";""
"midlife";"Средняя зрелость (40–65 лет)";"9";"extraRead";"Доп. литература";"4";"0";"object";"{""title"":""Passages"",""author"":""G. Sheehy"",""year"":2019}";"";"";"";"";"";"";""
"midlife";"Средняя зрелость (40–65 лет)";"9";"extraVideo";"Доп. видео/лекции";"5";"0";"object";"{""title"":""Why midlife may be the best time (TED)"",""url"":""https://www.youtube.com/embed/0Xgx3aG9Jr8""}";"";"";"";"";"";"";""
"midlife";"Средняя зрелость (40–65 лет)";"9";"quiz";"Квиз по видео-лекции";"6";"0";"object";"{""type"":""quiz"",""q"":""Что, по Carstensen, усиливается с возрастом и повышает счастье?"",""options"":[""Положительный фокус внимания"",""Адреналиновый поиск"",""Рабочая память""],""a"":""Положительный фокус внимания""}";"";"";"";"";"";"";""
"midlife";"Средняя зрелость (40–65 лет)";"9";"self";"Вопросы для контакта с собой";"7";"0";"string";"Какие проекты вы бы хотели передать следующему поколению?";"";"";"";"";"";"";""
"midlife";"Средняя зрелость (40–65 лет)";"9";"leisure";"Досуговое";"9";"0";"object";"{""title"":""Фильм «About Schmidt»"",""year"":2002,""type"":""film""}";"";"";"";"";"";"";""
"midlife";"Средняя зрелость (40–65 лет)";"9";"leisure";"Досуговое";"9";"1";"object";"{""title"":""Книга «Eat That Frog!»"",""year"":2017,""type"":""book""}";"";"";"";"";"";"";""
"midlife";"Средняя зрелость (40–65 лет)";"9";"research";"Современные исследования";"10";"0";"object";"{""title"":""U-shape of happiness revisited"",""author"":""Blanchflower"",""year"":2024,""url"":""https://doi.org/10.1016/j.socscimed.2024.116402""}";"";"";"";"";"";"";""
"midlife";"Средняя зрелость (40–65 лет)";"9";"experimental";"Экспериментальная психология по возрастам";"11";"0";"string";"Stroop with emotional bias";"";"";"";"";"";"";""
"midlife";"Средняя зрелость (40–65 лет)";"9";"experimental";"Экспериментальная психология по возрастам";"11";"1";"string";"Lifespan Sternberg memory task";"";"";"";"";"";"";""
"lateAdult";"Пожилой возраст (65–80 лет)";"10";"video";"Видео-лекция";"0";"0";"object";"{""title"":""Demo: Sia - Chandelier"",""url"":""https://www.youtube.com/watch?v=2vjPBrBU-TM""}";"";"";"";"";"";"";""
"lateAdult";"Пожилой возраст (65–80 лет)";"10";"concepts";"Понятия";"1";"0";"string";"Интеграция vs. отчаяние (Erikson)";"";"";"";"";"";"";""
"lateAdult";"Пожилой возраст (65–80 лет)";"10";"concepts";"Понятия";"1";"1";"string";"Выборочная оптимизация с компенсацией (Baltes)";"";"";"";"";"";"";""
"lateAdult";"Пожилой возраст (65–80 лет)";"10";"concepts";"Понятия";"1";"2";"string";"Socioemotional selectivity theory";"";"";"";"";"";"";""
"lateAdult";"Пожилой возраст (65–80 лет)";"10";"concepts";"Понятия";"1";"3";"string";"Retirement adjustment";"";"";"";"";"";"";""
"lateAdult";"Пожилой возраст (65–80 лет)";"10";"authors";"Ключевые авторы";"2";"0";"string";"Paul Baltes";"";"";"";"";"";"";""
"lateAdult";"Пожилой возраст (65–80 лет)";"10";"authors";"Ключевые авторы";"2";"1";"string";"Laura Carstensen";"";"";"";"";"";"";""
"lateAdult";"Пожилой возраст (65–80 лет)";"10";"authors";"Ключевые авторы";"2";"2";"string";"George Vaillant";"";"";"";"";"";"";""
"lateAdult";"Пожилой возраст (65–80 лет)";"10";"coreRead";"Основная литература";"3";"0";"object";"{""title"":""Aging Well"",""author"":""G. Vaillant"",""year"":2020}";"";"";"";"";"";"";""
"lateAdult";"Пожилой возраст (65–80 лет)";"10";"coreRead";"Основная литература";"3";"1";"object";"{""title"":""Successful Aging"",""author"":""D. Rowe & R. Kahn"",""year"":2015}";"";"";"";"";"";"";""
"lateAdult";"Пожилой возраст (65–80 лет)";"10";"extraRead";"Доп. литература";"4";"0";"object";"{""title"":""The Blue Zones"",""author"":""D. Buettner"",""year"":2023}";"";"";"";"";"";"";""
"lateAdult";"Пожилой возраст (65–80 лет)";"10";"extraVideo";"Доп. видео/лекции";"5";"0";"object";"{""title"":""The secrets of longevity (TED)"",""url"":""https://www.youtube.com/embed/ff40YiMmVkU""}";"";"";"";"";"";"";""
"lateAdult";"Пожилой возраст (65–80 лет)";"10";"quiz";"Квиз по видео-лекции";"6";"0";"object";"{""type"":""quiz"",""q"":""Какой фактор важнее всего для счастья в 75 лет, по Harvard Study?"",""options"":[""Доход"",""Социальные связи"",""IQ в молодости""],""a"":""Социальные связи""}";"";"";"";"";"";"";""
"lateAdult";"Пожилой возраст (65–80 лет)";"10";"self";"Вопросы для контакта с собой";"7";"0";"string";"Какие навыки вы хотели бы передать внукам?";"";"";"";"";"";"";""
"lateAdult";"Пожилой возраст (65–80 лет)";"10";"leisure";"Досуговое";"9";"0";"object";"{""title"":""Фильм «The Intern»"",""year"":2015,""type"":""film""}";"";"";"";"";"";"";""
"lateAdult";"Пожилой возраст (65–80 лет)";"10";"leisure";"Досуговое";"9";"1";"object";"{""title"":""Книга «Being Mortal»"",""year"":2014,""type"":""book""}";"";"";"";"";"";"";""
"lateAdult";"Пожилой возраст (65–80 лет)";"10";"research";"Современные исследования";"10";"0";"object";"{""title"":""Cognitive reserve and aging"",""author"":""Stern"",""year"":2022,""url"":""https://doi.org/10.1016/j.neuropsych.2022.108169""}";"";"";"";"";"";"";""
"lateAdult";"Пожилой возраст (65–80 лет)";"10";"experimental";"Экспериментальная психология по возрастам";"11";"0";"string";"Trail Making Test";"";"";"";"";"";"";""
"lateAdult";"Пожилой возраст (65–80 лет)";"10";"experimental";"Экспериментальная психология по возрастам";"11";"1";"string";"Verbal Fluency (category)";"";"";"";"";"";"";""
"oldestOld";"Долголетие (80+ лет)";"11";"video";"Видео-лекция";"0";"0";"object";"{""title"":""Demo: Ed Sheeran - Shape of You"",""url"":""https://www.youtube.com/watch?v=JGwWNGJdvx8""}";"";"";"";"";"";"";""
"oldestOld";"Долголетие (80+ лет)";"11";"concepts";"Понятия";"1";"0";"string";"Четвёртый возраст";"";"";"";"";"";"";""
"oldestOld";"Долголетие (80+ лет)";"11";"concepts";"Понятия";"1";"1";"string";"Синдром хрупкости (frailty)";"";"";"";"";"";"";""
"oldestOld";"Долголетие (80+ лет)";"11";"concepts";"Понятия";"1";"2";"string";"Сжатие заболеваемости (Fries)";"";"";"";"";"";"";""
"oldestOld";"Долголетие (80+ лет)";"11";"concepts";"Понятия";"1";"3";"string";"Advanced directives и геронтотехнологии";"";"";"";"";"";"";""
"oldestOld";"Долголетие (80+ лет)";"11";"authors";"Ключевые авторы";"2";"0";"string";"Laura Carstensen";"";"";"";"";"";"";""
"oldestOld";"Долголетие (80+ лет)";"11";"authors";"Ключевые авторы";"2";"1";"string";"K. Warner Schaie";"";"";"";"";"";"";""
"oldestOld";"Долголетие (80+ лет)";"11";"authors";"Ключевые авторы";"2";"2";"string";"Linda Fried";"";"";"";"";"";"";""
"oldestOld";"Долголетие (80+ лет)";"11";"coreRead";"Основная литература";"3";"0";"object";"{""title"":""The Oldest Old"",""author"":""S. Suzman, D. Willis & K. Manton (Eds.)"",""year"":2021}";"";"";"";"";"";"";""
"oldestOld";"Долголетие (80+ лет)";"11";"coreRead";"Основная литература";"3";"1";"object";"{""title"":""Aging and the Life Course, 8e"",""author"":""J. Quadagno"",""year"":2023}";"";"";"";"";"";"";""
"oldestOld";"Долголетие (80+ лет)";"11";"extraRead";"Доп. литература";"4";"0";"object";"{""title"":""How to Live Forever"",""author"":""M. Freedman"",""year"":2018}";"";"";"";"";"";"";""
"oldestOld";"Долголетие (80+ лет)";"11";"extraVideo";"Доп. видео/лекции";"5";"0";"object";"{""title"":""Lessons from centenarians (TED)"",""url"":""https://www.youtube.com/embed/FFc8Ede5thk""}";"";"";"";"";"";"";""
"oldestOld";"Долголетие (80+ лет)";"11";"quiz";"Квиз по видео-лекции";"6";"0";"object";"{""type"":""quiz"",""q"":""Какой показатель лучше всего предсказывает долголетие?"",""options"":[""Гены"",""Физическая активность"",""Социальная вовлечённость""],""a"":""Социальная вовлечённость""}";"";"";"";"";"";"";""
"oldestOld";"Долголетие (80+ лет)";"11";"self";"Вопросы для контакта с собой";"7";"0";"string";"Как вы представляете себе качество жизни в 90 лет?";"";"";"";"";"";"";""
"oldestOld";"Долголетие (80+ лет)";"11";"leisure";"Досуговое";"9";"0";"object";"{""title"":""Фильм «Amour»"",""year"":2012,""type"":""film""}";"";"";"";"";"";"";""
"oldestOld";"Долголетие (80+ лет)";"11";"leisure";"Досуговое";"9";"1";"object";"{""title"":""Книга «Tuesdays with Morrie»"",""year"":1997,""type"":""book""}";"";"";"";"";"";"";""
"oldestOld";"Долголетие (80+ лет)";"11";"research";"Современные исследования";"10";"0";"object";"{""title"":""Centenarians and cognitive health"",""author"":""Perls & Terry"",""year"":2024,""url"":""https://doi.org/10.1016/j.neurobiolaging.2024.02.006""}";"";"";"";"";"";"";""
"oldestOld";"Долголетие (80+ лет)";"11";"experimental";"Экспериментальная психология по возрастам";"11";"0";"string";"MMSE-2";"";"";"";"";"";"";""
"oldestOld";"Долголетие (80+ лет)";"11";"experimental";"Экспериментальная психология по возрастам";"11";"1";"string";"Clock-Drawing Test";"";"";"";"";"";"";""
